customerID,gender,SeniorCitizen,tenure,PhoneService,InternetService,MonthlyCharges,TotalCharges,Churn
CUST00001,Female,0,63,Yes,DSL,28.86,1445.72,No
CUST00002,Female,0,4,Yes,DSL,76.84,289.04,Yes
CUST00003,Female,1,17,Yes,Fiber optic,50.0,707.91,No
CUST00004,Male,0,43,No,DSL,36.14,1513.51,No
CUST00005,Female,0,70,No,No,77.87,5135.84,No
CUST00006,Male,0,31,No,DSL,67.96,1914.89,No
CUST00007,Male,0,56,Yes,Fiber optic,77.68,4734.96,No
CUST00008,Male,0,44,Yes,Fiber optic,61.34,2548.56,Yes
CUST00009,Male,0,19,No,DSL,99.86,1863.22,No
CUST00010,Male,0,35,Yes,No,92.09,3404.1,No
CUST00011,Female,1,22,No,DSL,72.37,,No
CUST00012,Male,0,39,Yes,No,32.7,1636.17,No
CUST00013,Male,0,52,No,Fiber optic,69.71,3909.93,No
CUST00014,Male,1,8,No,Fiber optic,95.38,802.19,Yes
CUST00015,Female,0,12,Yes,No,63.01,837.63,No
CUST00016,Female,0,1,No,DSL,92.6,101.7,No
CUST00017,Male,1,25,No,Fiber optic,48.14,1356.59,Yes
CUST00018,Male,0,3,No,Fiber optic,61.16,,No
CUST00019,Male,0,5,No,DSL,68.84,294.46,No
CUST00020,Male,0,53,No,No,82.88,4239.34,No
CUST00021,Female,1,1,No,Fiber optic,78.62,74.86,Yes
CUST00022,Female,0,38,Yes,Fiber optic,53.34,2361.93,No
CUST00023,Male,0,5,No,DSL,80.05,440.27,Yes
CUST00024,Male,0,2,No,DSL,89.48,164.41,Yes
CUST00025,Female,0,4,Yes,DSL,97.61,354.82,Yes
CUST00026,Female,0,11,No,Fiber optic,67.66,767.8,No
CUST00027,Male,0,71,Yes,DSL,35.43,,No
CUST00028,Male,0,2,No,DSL,76.16,168.56,Yes
CUST00029,Male,0,6,Yes,DSL,87.92,587.08,Yes
CUST00030,Female,0,54,Yes,No,51.66,2909.98,No
CUST00031,Female,0,12,Yes,No,59.93,745.65,No
CUST00032,Female,0,7,No,DSL,101.82,678.17,Yes
CUST00033,Male,0,59,Yes,DSL,98.12,5583.39,No
CUST00034,Male,0,5,Yes,No,70.85,348.24,No
CUST00035,Female,0,63,No,No,60.98,4121.91,No
CUST00036,Female,0,21,Yes,Fiber optic,88.55,1865.79,Yes
CUST00037,Female,0,4,No,Fiber optic,89.83,392.14,Yes
CUST00038,Male,0,13,Yes,No,77.43,908.5,No
CUST00039,Female,0,46,Yes,Fiber optic,45.59,2472.55,No
CUST00040,Male,1,8,Yes,DSL,90.79,670.84,Yes
CUST00041,Female,0,59,No,DSL,44.95,2500.59,No
CUST00042,Female,1,49,Yes,DSL,26.09,1009.36,No
CUST00043,Female,0,8,No,DSL,65.65,497.42,No
CUST00044,Female,1,71,No,Fiber optic,94.69,,No
CUST00045,Male,0,50,No,Fiber optic,68.47,3527.25,No
CUST00046,Female,0,8,Yes,DSL,85.98,767.41,No
CUST00047,Female,0,37,No,Fiber optic,48.72,2142.37,No
CUST00048,Female,0,51,No,No,94.02,4605.72,No
CUST00049,Female,0,1,Yes,DSL,105.7,109.72,Yes
CUST00050,Male,1,24,No,Fiber optic,20.65,659.46,No
CUST00051,Female,0,4,Yes,Fiber optic,65.38,247.14,No
CUST00052,Female,0,22,No,No,25.13,601.68,No
CUST00053,Male,0,2,Yes,No,95.78,174.15,No
CUST00054,Female,1,3,No,Fiber optic,100.78,318.0,Yes
CUST00055,Female,1,43,Yes,Fiber optic,82.45,3602.51,Yes
CUST00056,Male,1,12,No,Fiber optic,58.91,819.86,No
CUST00057,Female,0,4,No,Fiber optic,89.36,346.55,Yes
CUST00058,Female,0,23,No,DSL,96.1,2204.5,No
CUST00059,Female,0,8,No,Fiber optic,61.85,466.2,No
CUST00060,Female,0,57,No,No,70.54,3611.83,No
CUST00061,Male,0,6,No,DSL,105.17,580.76,Yes
CUST00062,Female,0,26,No,Fiber optic,35.57,,No
CUST00063,Male,1,48,No,Fiber optic,55.66,3027.39,No
CUST00064,Female,0,2,No,Fiber optic,104.86,190.26,No
CUST00065,Female,0,67,Yes,Fiber optic,52.77,3915.79,No
CUST00066,Female,0,38,Yes,DSL,80.5,3050.28,No
CUST00067,Male,0,65,No,Fiber optic,54.12,3852.92,Yes
CUST00068,Male,0,57,No,Fiber optic,63.84,3919.69,Yes
CUST00069,Male,1,8,Yes,Fiber optic,109.86,906.91,No
CUST00070,Female,1,3,Yes,Fiber optic,68.74,,No
CUST00071,Female,0,2,No,DSL,98.94,197.18,No
CUST00072,Female,0,23,No,DSL,84.71,2171.7,No
CUST00073,Male,1,40,No,No,65.75,2964.24,Yes
CUST00074,Female,0,40,Yes,Fiber optic,55.83,2362.78,Yes
CUST00075,Female,0,2,Yes,Fiber optic,60.95,127.17,Yes
CUST00076,Female,0,17,Yes,DSL,69.79,1278.66,No
CUST00077,Male,0,44,No,DSL,30.65,909.19,No
CUST00078,Female,0,7,No,Fiber optic,98.41,662.44,No
CUST00079,Male,0,61,Yes,DSL,92.46,5171.42,No
CUST00080,Male,0,16,No,Fiber optic,32.53,381.23,No
CUST00081,Male,0,24,No,DSL,55.74,1431.43,No
CUST00082,Male,1,6,Yes,No,96.34,,No
CUST00083,Female,0,60,No,No,34.54,1678.89,No
CUST00084,Female,0,2,Yes,Fiber optic,69.73,152.77,Yes
CUST00085,Female,0,24,No,No,95.86,2259.91,No
CUST00086,Female,0,64,No,Fiber optic,24.08,1950.29,No
CUST00087,Male,0,64,Yes,DSL,80.55,5784.94,No
CUST00088,Male,0,1,Yes,Fiber optic,106.91,116.66,No
CUST00089,Female,1,7,No,DSL,93.08,633.22,Yes
CUST00090,Female,0,20,Yes,DSL,68.62,1555.62,No
CUST00091,Female,0,57,Yes,Fiber optic,83.5,5233.2,No
CUST00092,Female,1,7,Yes,DSL,81.3,629.96,No
CUST00093,Male,0,9,Yes,DSL,74.61,720.38,Yes
CUST00094,Female,1,4,Yes,Fiber optic,96.29,366.22,Yes
CUST00095,Female,0,40,No,Fiber optic,65.35,2733.04,No
CUST00096,Male,0,43,No,Fiber optic,57.86,2439.8,Yes
CUST00097,Female,0,12,No,No,42.91,482.3,No
CUST00098,Female,0,54,Yes,DSL,78.56,4442.56,No
CUST00099,Female,0,65,Yes,No,25.64,1989.69,No
CUST00100,Female,0,57,Yes,Fiber optic,33.18,1749.02,Yes
CUST00101,Female,0,48,Yes,DSL,48.06,1956.06,No
CUST00102,Male,0,4,No,Fiber optic,86.43,320.91,No
CUST00103,Male,0,22,No,No,34.1,832.87,No
CUST00104,Male,0,21,No,DSL,93.77,2176.69,No
CUST00105,Male,0,33,No,Fiber optic,22.5,740.21,No
CUST00106,Male,1,32,No,Fiber optic,63.75,2184.69,No
CUST00107,Male,0,30,Yes,DSL,43.53,1565.26,No
CUST00108,Female,0,6,Yes,No,64.91,385.11,No
CUST00109,Male,0,63,Yes,Fiber optic,46.23,2986.33,No
CUST00110,Male,0,18,No,Fiber optic,28.1,644.77,No
CUST00111,Female,0,22,No,Fiber optic,39.06,961.48,Yes
CUST00112,Male,0,56,No,Fiber optic,91.18,4983.23,Yes
CUST00113,Male,0,40,Yes,No,21.81,795.86,No
CUST00114,Male,0,10,No,DSL,73.84,772.86,Yes
CUST00115,Female,0,18,No,DSL,96.87,1904.45,No
CUST00116,Male,0,26,No,No,39.62,1158.34,No
CUST00117,Male,0,8,No,No,61.24,430.11,No
CUST00118,Female,0,35,No,No,78.43,2426.76,No
CUST00119,Male,1,7,No,No,88.65,600.17,No
CUST00120,Female,1,1,Yes,No,61.6,56.65,Yes
CUST00121,Female,0,70,No,No,72.26,4374.85,No
CUST00122,Female,1,2,No,DSL,72.48,151.92,Yes
CUST00123,Male,1,9,Yes,DSL,69.93,637.9,Yes
CUST00124,Male,1,9,No,DSL,62.92,614.38,Yes
CUST00125,Male,0,41,No,Fiber optic,85.22,3595.43,No
CUST00126,Male,0,21,No,Fiber optic,20.82,300.57,Yes
CUST00127,Female,1,17,No,DSL,81.47,1531.08,No
CUST00128,Female,1,66,Yes,Fiber optic,66.93,4050.73,Yes
CUST00129,Female,0,31,Yes,Fiber optic,81.09,2268.52,No
CUST00130,Female,0,12,No,DSL,49.6,633.82,No
CUST00131,Male,0,5,No,DSL,99.02,463.19,No
CUST00132,Male,0,4,Yes,DSL,70.54,305.75,Yes
CUST00133,Male,1,2,No,DSL,95.49,182.97,Yes
CUST00134,Male,0,1,Yes,DSL,79.98,72.88,Yes
CUST00135,Female,0,1,No,Fiber optic,68.34,74.98,No
CUST00136,Female,0,2,Yes,DSL,77.72,138.04,No
CUST00137,Female,1,35,No,DSL,29.05,1246.05,Yes
CUST00138,Male,0,68,Yes,DSL,24.22,1317.73,No
CUST00139,Female,0,61,No,No,83.28,5444.18,No
CUST00140,Male,1,61,No,DSL,32.35,,Yes
CUST00141,Male,0,44,No,Fiber optic,25.27,1166.51,No
CUST00142,Female,0,1,Yes,No,83.91,79.7,Yes
CUST00143,Female,0,33,Yes,Fiber optic,93.2,3358.1,No
CUST00144,Male,1,38,Yes,DSL,86.83,3215.49,No
CUST00145,Male,0,16,No,No,86.77,1395.61,No
CUST00146,Male,0,9,No,DSL,105.6,904.13,Yes
CUST00147,Female,0,69,Yes,No,34.82,1949.79,No
CUST00148,Male,0,15,Yes,No,83.39,1394.9,No
CUST00149,Male,0,20,Yes,Fiber optic,96.38,2035.65,No
CUST00150,Male,0,56,Yes,No,51.99,3039.41,No
CUST00151,Female,1,60,Yes,Fiber optic,29.05,1742.7,No
CUST00152,Male,0,64,No,No,50.66,3101.45,No
CUST00153,Female,1,10,Yes,DSL,78.44,686.2,Yes
CUST00154,Female,0,26,No,DSL,35.41,,No
CUST00155,Female,0,36,No,Fiber optic,67.04,2579.49,No
CUST00156,Male,0,22,No,DSL,53.02,1201.77,No
CUST00157,Female,0,43,Yes,Fiber optic,45.46,1709.06,Yes
CUST00158,Female,0,52,Yes,DSL,26.77,1225.53,No
CUST00159,Male,0,32,No,DSL,91.97,3208.28,No
CUST00160,Male,0,3,Yes,DSL,105.44,330.57,No
CUST00161,Male,0,34,Yes,Fiber optic,91.89,2824.31,No
CUST00162,Female,1,16,Yes,DSL,36.13,608.01,No
CUST00163,Female,1,2,No,No,109.87,236.25,No
CUST00164,Female,0,47,No,Fiber optic,47.44,2046.18,Yes
CUST00165,Male,0,9,No,Fiber optic,108.25,940.77,No
CUST00166,Female,0,53,No,Fiber optic,42.74,2709.78,No
CUST00167,Female,1,9,No,DSL,90.96,837.95,Yes
CUST00168,Male,1,36,No,No,46.91,1401.06,Yes
CUST00169,Female,0,2,Yes,DSL,66.79,149.06,No
CUST00170,Female,0,66,Yes,DSL,65.15,,No
CUST00171,Female,0,18,No,DSL,33.16,424.82,No
CUST00172,Female,1,47,Yes,No,67.41,2895.34,No
CUST00173,Male,0,18,Yes,Fiber optic,73.23,1403.36,Yes
CUST00174,Female,0,54,No,No,23.39,809.78,No
CUST00175,Female,0,27,Yes,No,34.7,980.22,No
CUST00176,Male,0,8,Yes,DSL,91.67,811.62,Yes
CUST00177,Female,0,6,Yes,DSL,98.91,619.0,Yes
CUST00178,Female,0,4,No,DSL,69.13,305.11,No
CUST00179,Female,0,10,Yes,DSL,92.63,868.33,Yes
CUST00180,Female,1,57,Yes,DSL,75.38,,No
CUST00181,Male,0,56,No,Fiber optic,27.25,1131.43,No
CUST00182,Female,0,60,No,Fiber optic,57.48,2887.29,Yes
CUST00183,Female,0,33,Yes,Fiber optic,74.7,2373.04,No
CUST00184,Male,0,13,Yes,Fiber optic,45.04,541.54,No
CUST00185,Male,0,55,Yes,Fiber optic,97.93,,No
CUST00186,Male,0,54,Yes,Fiber optic,63.84,3149.81,No
CUST00187,Female,0,33,No,No,58.66,1691.53,No
CUST00188,Female,1,4,Yes,DSL,68.87,249.33,Yes
CUST00189,Male,1,3,Yes,Fiber optic,76.27,232.87,No
CUST00190,Male,0,2,Yes,DSL,95.56,187.81,No
CUST00191,Female,1,42,Yes,DSL,85.24,3897.06,No
CUST00192,Male,0,25,Yes,DSL,24.74,541.87,No
CUST00193,Female,1,10,Yes,Fiber optic,86.67,873.19,Yes
CUST00194,Female,0,7,Yes,No,72.23,553.36,Yes
CUST00195,Male,0,36,Yes,Fiber optic,83.43,3120.08,No
CUST00196,Female,1,1,No,Fiber optic,80.33,81.47,Yes
CUST00197,Male,0,2,No,DSL,89.89,177.79,Yes
CUST00198,Female,0,6,No,No,106.34,683.59,No
CUST00199,Male,0,0,No,DSL,84.45,,Yes
CUST00200,Female,0,39,No,DSL,34.25,1250.16,No
CUST00201,Male,0,54,No,Fiber optic,91.1,4583.23,No
CUST00202,Female,1,49,Yes,Fiber optic,77.49,3531.98,Yes
CUST00203,Male,0,7,Yes,Fiber optic,72.77,568.05,Yes
CUST00204,Female,1,14,No,DSL,45.9,586.22,No
CUST00205,Female,0,25,Yes,Fiber optic,55.87,1251.1,No
CUST00206,Female,0,6,Yes,Fiber optic,65.17,421.7,No
CUST00207,Male,0,22,No,DSL,54.34,1279.43,No
CUST00208,Female,1,9,No,DSL,84.4,740.74,Yes
CUST00209,Male,0,17,Yes,Fiber optic,80.88,1387.2,No
CUST00210,Female,0,6,Yes,DSL,67.54,350.5,No
CUST00211,Male,1,12,No,Fiber optic,24.53,202.62,No
CUST00212,Female,0,30,No,Fiber optic,73.25,2154.64,Yes
CUST00213,Male,1,23,No,Fiber optic,80.53,1898.58,No
CUST00214,Male,0,1,Yes,DSL,101.58,104.11,Yes
CUST00215,Male,1,12,No,Fiber optic,67.25,811.03,No
CUST00216,Female,0,15,No,DSL,28.24,510.6,No
CUST00217,Male,0,32,Yes,No,36.52,1411.22,No
CUST00218,Female,1,50,No,Fiber optic,45.25,1823.02,No
CUST00219,Male,1,5,Yes,Fiber optic,62.41,321.71,No
CUST00220,Male,0,18,No,Fiber optic,60.92,984.23,No
CUST00221,Male,0,41,Yes,DSL,63.45,2737.12,No
CUST00222,Male,0,23,Yes,DSL,36.89,672.99,No
CUST00223,Male,0,63,Yes,Fiber optic,69.45,4862.49,Yes
CUST00224,Female,0,26,No,Fiber optic,30.0,667.04,No
CUST00225,Female,0,45,No,No,47.3,2105.63,No
CUST00226,Female,1,18,No,DSL,74.93,1518.08,Yes
CUST00227,Male,0,8,Yes,DSL,100.92,860.5,No
CUST00228,Female,0,1,No,DSL,64.58,72.23,No
CUST00229,Male,0,13,No,Fiber optic,26.42,224.32,Yes
CUST00230,Female,0,60,No,DSL,98.24,5848.81,No
CUST00231,Female,0,7,Yes,DSL,107.17,784.95,Yes
CUST00232,Male,0,17,No,DSL,70.46,1112.13,No
CUST00233,Female,1,19,Yes,No,56.31,1077.08,Yes
CUST00234,Male,0,7,Yes,Fiber optic,68.31,547.11,No
CUST00235,Female,0,30,Yes,DSL,54.6,1663.38,No
CUST00236,Male,0,49,No,Fiber optic,24.54,1224.56,No
CUST00237,Male,0,12,No,DSL,81.34,939.45,No
CUST00238,Female,0,44,No,DSL,96.65,4482.12,No
CUST00239,Female,0,51,Yes,Fiber optic,51.11,2400.07,No
CUST00240,Male,0,63,No,DSL,25.44,,No
CUST00241,Female,0,21,Yes,Fiber optic,57.65,1419.08,Yes
CUST00242,Male,1,11,Yes,DSL,98.13,1141.36,No
CUST00243,Male,1,9,No,Fiber optic,109.93,,Yes
CUST00244,Female,0,34,Yes,No,86.47,3182.09,No
CUST00245,Male,0,5,Yes,Fiber optic,70.86,308.59,No
CUST00246,Male,0,1,Yes,No,68.46,62.25,No
CUST00247,Male,0,6,Yes,Fiber optic,100.11,559.55,No
CUST00248,Female,0,28,No,DSL,42.71,1243.47,No
CUST00249,Male,0,1,No,No,79.72,85.45,No
CUST00250,Male,0,24,Yes,DSL,28.4,817.85,No
CUST00251,Female,0,0,No,Fiber optic,68.95,,No
CUST00252,Male,1,35,No,Fiber optic,57.84,1723.67,No
CUST00253,Female,1,26,No,Fiber optic,32.35,828.34,No
CUST00254,Female,0,27,No,DSL,47.56,1349.48,No
CUST00255,Female,0,11,Yes,DSL,76.59,898.45,No
CUST00256,Male,0,11,Yes,Fiber optic,79.78,784.78,Yes
CUST00257,Male,0,33,Yes,No,69.52,2130.28,No
CUST00258,Female,0,3,Yes,No,101.68,314.41,Yes
CUST00259,Female,0,20,Yes,Fiber optic,31.42,737.25,No
CUST00260,Female,1,66,Yes,Fiber optic,67.2,4873.68,No
CUST00261,Male,0,11,No,Fiber optic,101.43,1182.56,No
CUST00262,Female,0,72,No,DSL,64.68,4016.28,No
CUST00263,Male,0,63,No,Fiber optic,61.8,4179.35,No
CUST00264,Female,1,3,No,Fiber optic,87.43,,No
CUST00265,Male,0,3,Yes,Fiber optic,83.43,268.52,Yes
CUST00266,Female,0,7,No,DSL,89.55,644.99,Yes
CUST00267,Female,0,11,No,DSL,84.95,928.46,Yes
CUST00268,Female,0,12,No,Fiber optic,64.44,761.01,Yes
CUST00269,Female,0,69,Yes,DSL,38.32,2008.21,No
CUST00270,Male,0,13,Yes,No,97.55,1193.52,No
CUST00271,Male,0,3,Yes,Fiber optic,64.04,205.53,No
CUST00272,Male,0,68,Yes,No,81.16,6145.16,No
CUST00273,Female,0,3,No,DSL,76.58,,No
CUST00274,Male,0,8,Yes,DSL,86.77,697.37,Yes
CUST00275,Male,0,42,No,DSL,50.75,1988.3,No
CUST00276,Male,1,12,Yes,No,46.77,654.91,No
CUST00277,Male,0,29,Yes,DSL,66.08,2046.73,No
CUST00278,Female,0,3,Yes,DSL,71.02,240.91,No
CUST00279,Male,0,1,No,Fiber optic,62.41,58.42,No
CUST00280,Female,0,1,Yes,Fiber optic,91.61,89.35,Yes
CUST00281,Male,0,11,No,Fiber optic,76.8,887.63,Yes
CUST00282,Male,0,54,Yes,No,62.23,3309.4,No
CUST00283,Female,0,50,No,Fiber optic,77.5,3582.06,No
CUST00284,Male,1,46,No,DSL,52.2,2138.91,No
CUST00285,Female,0,8,No,DSL,65.47,570.85,No
CUST00286,Female,1,1,No,DSL,93.69,97.6,Yes
CUST00287,Male,1,1,No,DSL,92.06,83.26,No
CUST00288,Male,0,11,Yes,DSL,83.96,1012.32,No
CUST00289,Female,0,50,Yes,No,39.76,2303.18,No
CUST00290,Male,0,1,Yes,DSL,82.53,81.59,Yes
CUST00291,Male,0,11,No,DSL,103.96,,Yes
CUST00292,Female,0,18,Yes,DSL,45.23,680.36,No
CUST00293,Female,1,0,No,DSL,100.99,,No
CUST00294,Male,0,2,Yes,Fiber optic,85.32,171.35,No
CUST00295,Male,0,68,No,No,24.36,2282.06,No
CUST00296,Female,0,45,No,DSL,68.1,3224.46,No
CUST00297,Female,1,9,Yes,DSL,89.2,834.28,No
CUST00298,Female,0,63,No,No,26.16,1926.57,No
CUST00299,Male,0,13,No,No,42.02,494.88,No
CUST00300,Female,0,4,Yes,DSL,105.9,410.82,Yes
CUST00301,Female,0,3,Yes,No,88.88,250.83,No
CUST00302,Female,0,2,No,DSL,92.98,188.83,Yes
CUST00303,Female,0,36,No,DSL,97.51,,No
CUST00304,Female,0,45,No,No,61.73,2900.24,No
CUST00305,Female,0,16,No,Fiber optic,72.4,1198.95,No
CUST00306,Male,0,49,Yes,Fiber optic,43.01,2109.63,Yes
CUST00307,Male,1,56,Yes,Fiber optic,85.51,4714.45,No
CUST00308,Male,0,67,Yes,DSL,40.29,2561.27,No
CUST00309,Female,0,14,Yes,No,66.57,1015.65,No
CUST00310,Male,1,39,No,Fiber optic,61.87,2257.64,Yes
CUST00311,Male,0,3,Yes,No,79.03,236.95,No
CUST00312,Male,0,11,No,DSL,104.04,1115.27,Yes
CUST00313,Male,0,3,No,Fiber optic,60.5,173.83,No
CUST00314,Male,0,12,No,Fiber optic,36.32,443.89,No
CUST00315,Male,1,61,No,Fiber optic,45.86,2823.44,No
CUST00316,Male,0,71,Yes,DSL,99.53,6519.62,No
CUST00317,Male,0,15,No,No,95.76,1321.34,No
CUST00318,Male,0,63,No,Fiber optic,98.85,6618.94,Yes
CUST00319,Female,0,15,No,Fiber optic,39.05,614.88,No
CUST00320,Female,0,23,No,DSL,90.38,2052.15,No
CUST00321,Male,1,23,No,Fiber optic,94.57,2105.0,No
CUST00322,Female,0,4,No,Fiber optic,103.2,412.95,No
CUST00323,Female,0,26,No,DSL,57.63,1429.63,No
CUST00324,Female,0,44,No,DSL,60.31,2866.55,No
CUST00325,Male,0,46,No,No,65.37,3126.91,No
CUST00326,Male,0,12,No,Fiber optic,87.01,935.93,No
CUST00327,Female,1,49,Yes,Fiber optic,50.5,2386.4,No
CUST00328,Male,0,39,Yes,DSL,31.09,1247.29,No
CUST00329,Male,0,6,No,DSL,104.62,656.82,No
CUST00330,Female,0,1,No,Fiber optic,76.19,72.1,Yes
CUST00331,Female,1,17,Yes,Fiber optic,80.9,1487.56,No
CUST00332,Female,0,7,Yes,Fiber optic,67.01,463.78,No
CUST00333,Female,0,41,Yes,Fiber optic,58.7,1999.36,No
CUST00334,Female,0,68,No,Fiber optic,92.03,6806.07,No
CUST00335,Female,0,67,Yes,DSL,94.71,6756.65,No
CUST00336,Female,0,45,No,Fiber optic,65.59,2704.77,Yes
CUST00337,Female,1,70,Yes,No,89.44,6140.95,No
CUST00338,Female,0,8,No,DSL,99.61,808.73,Yes
CUST00339,Male,0,18,Yes,No,72.02,1426.69,No
CUST00340,Male,0,68,No,Fiber optic,49.45,3091.69,No
CUST00341,Male,0,27,Yes,No,62.78,1489.8,No
CUST00342,Male,1,56,Yes,DSL,44.8,2977.6,No
CUST00343,Male,0,10,No,DSL,104.08,1082.45,Yes
CUST00344,Female,0,20,No,DSL,65.16,1257.31,No
CUST00345,Male,0,11,No,DSL,69.48,731.11,No
CUST00346,Female,0,7,Yes,No,89.23,674.03,Yes
CUST00347,Female,0,67,Yes,DSL,34.63,2683.54,No
CUST00348,Female,0,54,Yes,DSL,62.04,2942.08,No
CUST00349,Male,1,1,No,DSL,108.64,110.88,No
CUST00350,Male,0,0,No,DSL,87.93,,Yes
CUST00351,Female,0,37,No,Fiber optic,84.11,3081.55,No
CUST00352,Female,0,40,No,No,70.79,2525.99,No
CUST00353,Male,1,26,No,No,73.23,2026.29,No
CUST00354,Male,0,14,No,Fiber optic,31.61,,No
CUST00355,Male,0,21,No,Fiber optic,63.57,1374.49,No
CUST00356,Female,0,11,No,Fiber optic,81.37,971.35,Yes
CUST00357,Female,0,2,Yes,DSL,61.49,121.45,No
CUST00358,Male,1,16,No,No,59.28,997.26,No
CUST00359,Female,0,3,No,DSL,82.34,231.5,Yes
CUST00360,Male,1,2,No,DSL,103.59,205.87,Yes
CUST00361,Male,0,25,No,DSL,57.8,1377.08,No
CUST00362,Female,0,24,Yes,DSL,65.67,1701.91,No
CUST00363,Female,0,9,No,Fiber optic,82.3,816.31,Yes
CUST00364,Male,0,59,Yes,DSL,78.69,4098.29,No
CUST00365,Male,0,62,Yes,DSL,40.93,2542.23,No
CUST00366,Female,1,19,Yes,DSL,99.4,1990.84,No
CUST00367,Male,1,46,No,DSL,41.51,1665.39,Yes
CUST00368,Male,0,0,No,Fiber optic,81.12,,No
CUST00369,Female,0,50,No,Fiber optic,91.82,4701.3,No
CUST00370,Male,0,71,No,DSL,32.43,1627.29,No
CUST00371,Male,0,9,No,No,98.15,924.7,No
CUST00372,Female,0,5,No,Fiber optic,87.06,403.64,Yes
CUST00373,Female,0,2,No,DSL,84.84,173.54,Yes
CUST00374,Male,1,60,Yes,Fiber optic,86.67,5318.36,Yes
CUST00375,Male,0,6,Yes,No,82.64,528.05,Yes
CUST00376,Male,0,18,Yes,Fiber optic,59.58,1047.78,No
CUST00377,Male,0,68,No,DSL,97.51,6194.13,No
CUST00378,Male,0,28,Yes,Fiber optic,57.95,1412.63,Yes
CUST00379,Male,0,25,Yes,DSL,73.97,1761.12,No
CUST00380,Male,1,5,Yes,DSL,89.4,413.96,No
CUST00381,Male,0,39,Yes,Fiber optic,23.72,676.82,No
CUST00382,Male,0,11,Yes,No,108.34,1237.47,Yes
CUST00383,Male,1,68,No,Fiber optic,91.41,6581.69,Yes
CUST00384,Male,0,23,No,DSL,49.97,1211.11,No
CUST00385,Male,0,0,No,Fiber optic,92.29,,Yes
CUST00386,Male,0,6,No,DSL,70.2,449.29,Yes
CUST00387,Male,0,38,No,No,91.04,3725.64,No
CUST00388,Male,0,41,Yes,DSL,98.02,4341.79,No
CUST00389,Male,0,40,No,Fiber optic,84.05,3725.45,No
CUST00390,Female,0,45,Yes,Fiber optic,91.29,3922.16,Yes
CUST00391,Female,0,52,No,No,77.38,4193.52,No
CUST00392,Male,0,45,No,No,65.74,2980.75,No
CUST00393,Female,0,6,No,DSL,93.98,513.05,Yes
CUST00394,Male,0,41,No,DSL,75.59,3292.0,No
CUST00395,Female,0,1,Yes,DSL,79.8,78.12,Yes
CUST00396,Female,1,7,Yes,Fiber optic,80.05,491.02,No
CUST00397,Male,0,52,Yes,DSL,87.05,4474.48,No
CUST00398,Female,0,60,Yes,DSL,73.17,4273.63,No
CUST00399,Female,0,20,Yes,Fiber optic,55.14,1157.68,No
CUST00400,Female,0,46,No,No,74.68,3639.81,No
CUST00401,Female,0,20,Yes,Fiber optic,94.86,1705.25,No
CUST00402,Female,0,53,Yes,DSL,61.01,2926.85,No
CUST00403,Male,0,57,Yes,No,83.08,4693.59,No
CUST00404,Male,1,31,Yes,DSL,60.06,,Yes
CUST00405,Male,0,61,No,Fiber optic,42.32,3189.03,No
CUST00406,Female,0,21,Yes,DSL,69.21,1465.4,No
CUST00407,Female,0,3,No,DSL,75.82,234.03,Yes
CUST00408,Female,0,60,No,Fiber optic,36.57,2162.74,No
CUST00409,Male,0,69,No,No,52.62,3400.9,No
CUST00410,Male,0,15,Yes,DSL,27.43,346.9,No
CUST00411,Female,0,32,Yes,DSL,81.21,2335.65,No
CUST00412,Male,0,14,Yes,No,63.08,1017.8,No
CUST00413,Female,0,24,No,Fiber optic,55.09,1482.03,No
CUST00414,Male,0,45,Yes,DSL,55.9,2340.17,No
CUST00415,Male,0,50,No,No,28.47,1112.31,No
CUST00416,Male,1,8,Yes,Fiber optic,105.73,,No
CUST00417,Female,0,4,No,DSL,107.15,437.69,Yes
CUST00418,Male,0,38,Yes,Fiber optic,93.36,3453.22,No
CUST00419,Female,0,42,No,Fiber optic,65.3,2833.59,No
CUST00420,Male,1,70,Yes,Fiber optic,94.26,6793.9,Yes
CUST00421,Male,0,24,No,Fiber optic,48.66,1293.09,No
CUST00422,Female,0,45,No,Fiber optic,30.12,1554.6,Yes
CUST00423,Female,0,40,No,Fiber optic,53.4,1872.61,No
CUST00424,Male,0,65,No,Fiber optic,92.13,6471.01,No
CUST00425,Female,0,11,Yes,Fiber optic,96.07,997.93,Yes
CUST00426,Female,0,13,No,Fiber optic,95.56,1219.83,No
CUST00427,Female,1,72,No,DSL,69.12,4512.16,Yes
CUST00428,Male,0,36,No,Fiber optic,94.66,3321.6,Yes
CUST00429,Male,0,50,No,Fiber optic,65.73,3451.19,No
CUST00430,Female,0,11,Yes,Fiber optic,79.46,786.71,Yes
CUST00431,Female,0,29,Yes,Fiber optic,49.82,1227.95,Yes
CUST00432,Male,0,61,Yes,No,30.64,1331.82,No
CUST00433,Male,0,45,Yes,No,88.15,4193.84,No
CUST00434,Male,0,66,No,DSL,99.46,6420.51,No
CUST00435,Male,0,14,No,No,84.98,,No
CUST00436,Female,0,4,No,Fiber optic,86.37,370.56,Yes
CUST00437,Male,1,44,Yes,DSL,25.83,1550.39,No
CUST00438,Female,0,10,Yes,Fiber optic,72.54,742.4,No
CUST00439,Female,0,65,No,DSL,49.41,3117.39,No
CUST00440,Female,0,59,No,Fiber optic,26.21,1004.05,No
CUST00441,Female,0,50,Yes,DSL,94.19,4701.19,No
CUST00442,Female,1,4,No,DSL,103.44,390.98,No
CUST00443,Female,0,63,No,No,47.7,3338.77,No
CUST00444,Female,0,58,No,DSL,29.54,1314.52,No
CUST00445,Male,0,52,Yes,DSL,30.11,1384.72,No
CUST00446,Male,1,50,No,Fiber optic,35.7,1607.05,Yes
CUST00447,Male,0,14,Yes,DSL,94.52,1460.57,No
CUST00448,Female,0,12,Yes,Fiber optic,64.76,718.41,No
CUST00449,Male,0,21,Yes,Fiber optic,34.33,813.38,No
CUST00450,Female,0,41,Yes,No,61.43,2468.68,No
CUST00451,Male,0,8,No,DSL,96.2,776.59,Yes
CUST00452,Male,0,72,Yes,No,92.15,6967.04,No
CUST00453,Female,1,23,Yes,Fiber optic,45.55,1019.1,No
CUST00454,Female,1,54,No,DSL,25.14,1755.76,No
CUST00455,Female,0,57,Yes,No,87.32,5313.07,No
CUST00456,Female,0,3,No,No,102.02,290.81,No
CUST00457,Female,0,19,Yes,DSL,39.87,925.14,No
CUST00458,Male,0,47,Yes,No,52.54,2375.75,No
CUST00459,Male,0,63,Yes,No,53.99,3283.23,No
CUST00460,Male,0,57,No,No,94.71,5589.73,No
CUST00461,Male,0,7,Yes,DSL,67.26,534.79,No
CUST00462,Female,0,36,Yes,Fiber optic,96.82,3490.22,Yes
CUST00463,Male,0,7,No,DSL,82.93,535.59,No
CUST00464,Male,0,4,No,DSL,66.3,287.63,No
CUST00465,Female,0,15,No,Fiber optic,41.92,640.38,Yes
CUST00466,Female,0,11,No,DSL,86.81,897.97,No
CUST00467,Female,0,24,No,DSL,51.26,1132.41,No
CUST00468,Female,1,12,No,Fiber optic,88.55,1048.4,No
CUST00469,Female,0,29,No,Fiber optic,20.26,398.0,Yes
CUST00470,Female,0,56,Yes,DSL,21.4,,No
CUST00471,Male,1,27,Yes,DSL,84.63,2465.51,No
CUST00472,Male,0,1,Yes,Fiber optic,64.37,66.35,Yes
CUST00473,Male,0,6,Yes,DSL,101.58,584.42,Yes
CUST00474,Female,1,15,Yes,No,57.55,758.94,Yes
CUST00475,Male,0,8,Yes,Fiber optic,103.12,823.41,Yes
CUST00476,Female,0,5,No,DSL,62.08,306.96,No
CUST00477,Male,1,5,Yes,No,85.94,422.93,No
CUST00478,Female,0,50,Yes,Fiber optic,54.25,3085.92,No
CUST00479,Male,0,22,No,No,68.64,,No
CUST00480,Male,0,44,Yes,DSL,35.36,,No
CUST00481,Male,1,12,Yes,No,65.84,816.74,No
CUST00482,Male,0,26,No,DSL,44.49,999.22,No
CUST00483,Male,1,72,Yes,Fiber optic,77.71,5676.37,No
CUST00484,Female,0,26,No,No,20.21,482.4,No
CUST00485,Female,0,57,Yes,DSL,56.21,3580.3,No
CUST00486,Male,0,28,No,No,51.95,1363.61,No
CUST00487,Male,0,53,Yes,Fiber optic,57.89,2706.83,No
CUST00488,Male,0,10,Yes,Fiber optic,67.28,,No
CUST00489,Male,0,9,Yes,DSL,93.85,801.02,Yes
CUST00490,Male,0,50,No,Fiber optic,40.86,2508.09,Yes
CUST00491,Female,0,36,Yes,No,22.62,1095.26,No
CUST00492,Female,0,52,No,Fiber optic,62.12,2812.02,No
CUST00493,Male,0,49,No,DSL,66.63,2922.14,No
CUST00494,Male,0,11,Yes,Fiber optic,94.86,946.18,No
CUST00495,Female,0,21,No,Fiber optic,83.25,1830.42,No
CUST00496,Male,0,43,Yes,Fiber optic,68.81,3087.23,No
CUST00497,Male,0,12,Yes,DSL,52.74,720.53,No
CUST00498,Male,0,6,Yes,DSL,101.92,573.98,Yes
CUST00499,Female,0,69,Yes,DSL,63.09,4865.68,No
CUST00500,Female,0,16,No,DSL,47.26,879.12,No
CUST00501,Male,1,61,No,Fiber optic,72.71,4894.29,No
CUST00502,Female,1,14,Yes,No,88.54,1213.5,No
CUST00503,Female,0,2,Yes,No,99.71,197.07,Yes
CUST00504,Female,0,65,Yes,Fiber optic,97.93,6771.24,Yes
CUST00505,Male,0,31,No,Fiber optic,44.09,1522.47,No
CUST00506,Female,0,3,No,Fiber optic,89.88,260.66,Yes
CUST00507,Male,0,5,Yes,Fiber optic,102.05,545.3,Yes
CUST00508,Male,0,67,Yes,DSL,20.91,,No
CUST00509,Male,1,17,Yes,Fiber optic,24.75,331.0,No
CUST00510,Female,0,52,Yes,DSL,81.66,4001.02,No
CUST00511,Female,1,3,No,DSL,105.85,330.76,Yes
CUST00512,Male,0,63,No,Fiber optic,41.13,2777.27,No
CUST00513,Female,0,31,No,Fiber optic,86.42,2680.68,Yes
CUST00514,Female,0,0,Yes,No,84.39,,No
CUST00515,Female,1,71,No,Fiber optic,43.16,2795.27,No
CUST00516,Female,0,36,Yes,Fiber optic,91.77,2950.47,Yes
CUST00517,Female,0,6,Yes,Fiber optic,79.55,450.19,No
CUST00518,Male,0,51,Yes,DSL,93.85,5046.29,No
CUST00519,Male,0,8,No,Fiber optic,93.46,816.5,No
CUST00520,Female,0,0,Yes,DSL,105.35,,Yes
CUST00521,Male,0,6,Yes,Fiber optic,74.17,,No
CUST00522,Female,0,1,No,DSL,70.99,,Yes
CUST00523,Male,0,0,No,Fiber optic,93.27,,No
CUST00524,Male,0,7,Yes,No,100.61,770.31,Yes
CUST00525,Female,0,3,Yes,No,66.86,175.64,No
CUST00526,Male,0,27,No,DSL,85.07,2215.89,No
CUST00527,Male,0,60,Yes,DSL,92.69,5400.28,No
CUST00528,Male,0,0,No,DSL,106.94,,Yes
CUST00529,Male,0,3,No,No,102.89,321.8,Yes
CUST00530,Female,0,11,No,No,79.43,855.81,Yes
CUST00531,Male,0,35,No,No,77.89,2479.05,No
CUST00532,Female,0,2,No,No,104.99,228.29,No
CUST00533,Female,0,50,No,DSL,48.13,2578.78,No
CUST00534,Male,0,8,No,DSL,79.31,706.71,Yes
CUST00535,Female,0,41,Yes,No,96.94,4293.99,No
CUST00536,Female,1,8,Yes,DSL,95.71,,Yes
CUST00537,Male,0,67,Yes,DSL,32.76,2326.84,No
CUST00538,Female,0,61,No,DSL,22.18,928.95,No
CUST00539,Male,1,20,No,DSL,90.46,1993.19,No
CUST00540,Female,0,12,No,No,93.7,1031.78,No
CUST00541,Male,0,19,No,No,57.13,979.33,No
CUST00542,Female,0,15,Yes,Fiber optic,37.72,566.97,No
CUST00543,Female,0,41,No,Fiber optic,58.5,2124.08,No
CUST00544,Female,0,4,No,DSL,74.75,336.94,No
CUST00545,Female,0,11,No,Fiber optic,103.52,1131.51,Yes
CUST00546,Male,0,9,Yes,Fiber optic,103.71,849.27,Yes
CUST00547,Female,0,56,Yes,DSL,62.27,,No
CUST00548,Female,0,11,No,No,67.85,809.17,No
CUST00549,Female,0,71,No,DSL,52.48,3462.44,No
CUST00550,Male,1,53,No,Fiber optic,20.67,1508.97,No
CUST00551,Male,1,3,Yes,Fiber optic,68.65,195.69,No
CUST00552,Female,0,55,Yes,Fiber optic,66.65,,No
CUST00553,Female,0,28,No,Fiber optic,32.17,967.11,Yes
CUST00554,Female,0,55,Yes,Fiber optic,90.05,5138.05,No
CUST00555,Male,0,28,No,No,44.81,1487.38,No
CUST00556,Female,0,42,Yes,DSL,22.35,885.54,No
CUST00557,Female,0,5,No,DSL,93.24,440.09,No
CUST00558,Male,1,48,No,DSL,97.28,4501.5,No
CUST00559,Female,0,42,Yes,No,48.24,1729.26,No
CUST00560,Male,0,52,Yes,Fiber optic,63.03,3346.99,No
CUST00561,Male,0,12,Yes,No,55.04,540.94,No
CUST00562,Male,0,6,Yes,DSL,64.9,389.2,No
CUST00563,Female,0,32,Yes,DSL,42.44,1045.73,No
CUST00564,Female,0,60,Yes,Fiber optic,87.77,5252.39,No
CUST00565,Female,0,19,No,No,72.53,1457.58,No
CUST00566,Female,0,72,No,No,34.68,1969.64,No
CUST00567,Male,0,2,Yes,Fiber optic,81.84,175.63,No
CUST00568,Male,0,34,Yes,Fiber optic,24.33,995.47,No
CUST00569,Female,0,21,No,No,45.74,797.47,No
CUST00570,Female,0,17,Yes,No,83.29,1540.34,No
CUST00571,Female,0,2,No,Fiber optic,94.82,174.32,Yes
CUST00572,Male,0,64,Yes,Fiber optic,24.52,1897.63,No
CUST00573,Male,0,9,No,Fiber optic,74.41,701.11,Yes
CUST00574,Male,1,10,No,DSL,105.12,1052.87,Yes
CUST00575,Male,1,29,No,No,48.59,1679.9,Yes
CUST00576,Female,0,0,No,Fiber optic,64.43,,Yes
CUST00577,Female,0,33,Yes,No,89.41,2687.55,No
CUST00578,Female,0,30,Yes,Fiber optic,70.29,1960.12,No
CUST00579,Female,0,0,No,Fiber optic,103.91,,No
CUST00580,Female,0,33,No,DSL,65.35,1841.77,No
CUST00581,Male,0,10,Yes,No,108.82,1118.42,No
CUST00582,Male,0,58,No,Fiber optic,21.74,1098.82,No
CUST00583,Female,0,12,No,Fiber optic,88.84,1019.63,No
CUST00584,Male,0,3,Yes,DSL,69.92,238.8,No
CUST00585,Male,0,34,Yes,No,95.11,3506.44,No
CUST00586,Female,0,21,Yes,Fiber optic,86.13,1778.56,Yes
CUST00587,Female,1,21,No,Fiber optic,49.06,835.51,No
CUST00588,Male,1,11,No,DSL,92.58,913.6,No
CUST00589,Male,0,54,Yes,DSL,95.31,4871.63,No
CUST00590,Male,0,32,Yes,DSL,84.75,3002.84,No
CUST00591,Female,0,12,No,DSL,64.17,778.12,No
CUST00592,Male,0,23,Yes,DSL,37.6,832.89,No
CUST00593,Male,0,56,No,Fiber optic,66.44,4248.08,Yes
CUST00594,Female,0,4,No,Fiber optic,62.57,232.93,No
CUST00595,Female,1,4,No,DSL,106.01,438.92,Yes
CUST00596,Male,0,30,Yes,Fiber optic,41.58,1458.6,No
CUST00597,Female,0,69,No,Fiber optic,38.1,2449.39,Yes
CUST00598,Female,0,71,Yes,DSL,42.81,,No
CUST00599,Male,0,15,No,DSL,53.51,696.8,No
CUST00600,Female,0,3,No,Fiber optic,108.23,324.03,Yes
CUST00601,Male,1,1,No,DSL,80.2,79.41,Yes
CUST00602,Male,1,17,No,Fiber optic,91.73,1611.3,Yes
CUST00603,Male,0,41,Yes,Fiber optic,84.69,3264.97,No
CUST00604,Female,0,5,No,No,90.59,,No
CUST00605,Female,0,61,Yes,Fiber optic,58.8,3445.98,Yes
CUST00606,Female,0,17,Yes,Fiber optic,60.54,1142.54,No
CUST00607,Male,0,12,Yes,DSL,71.62,942.25,No
CUST00608,Male,0,18,Yes,Fiber optic,72.63,1172.8,No
CUST00609,Female,0,50,No,Fiber optic,34.56,1868.0,No
CUST00610,Male,0,24,No,DSL,21.29,285.84,No
CUST00611,Female,0,51,Yes,DSL,70.06,4027.6,No
CUST00612,Male,1,34,No,DSL,36.8,951.96,Yes
CUST00613,Female,0,55,Yes,Fiber optic,25.52,1428.92,Yes
CUST00614,Female,1,0,No,DSL,64.06,,No
CUST00615,Male,0,66,No,DSL,51.95,3744.91,No
CUST00616,Female,0,12,No,Fiber optic,81.98,944.28,No
CUST00617,Female,0,56,Yes,Fiber optic,95.67,5673.2,No
CUST00618,Male,1,21,Yes,Fiber optic,31.68,847.62,Yes
CUST00619,Female,0,29,Yes,Fiber optic,46.29,1292.36,No
CUST00620,Female,0,69,Yes,DSL,21.5,1430.61,No
CUST00621,Male,0,30,Yes,Fiber optic,51.97,1673.54,Yes
CUST00622,Male,1,70,Yes,Fiber optic,48.22,2971.06,Yes
CUST00623,Female,0,35,Yes,Fiber optic,76.1,2668.45,No
CUST00624,Male,0,42,No,Fiber optic,84.27,3626.68,No
CUST00625,Male,0,43,No,Fiber optic,66.98,3255.45,No
CUST00626,Male,0,10,No,Fiber optic,73.34,686.37,Yes
CUST00627,Female,0,43,No,Fiber optic,96.12,3733.77,No
CUST00628,Female,0,33,No,DSL,86.92,2629.26,No
CUST00629,Female,0,3,No,Fiber optic,70.37,217.45,Yes
CUST00630,Male,1,65,Yes,DSL,23.33,1830.62,Yes
CUST00631,Female,0,15,Yes,DSL,38.02,471.92,No
CUST00632,Male,0,12,No,DSL,81.99,1049.26,No
CUST00633,Male,0,65,Yes,No,40.5,2418.41,No
CUST00634,Male,1,9,Yes,DSL,68.54,555.91,No
CUST00635,Female,0,4,No,Fiber optic,82.82,295.97,No
CUST00636,Female,1,10,No,DSL,109.55,1049.93,No
CUST00637,Female,0,3,No,DSL,65.53,198.76,No
CUST00638,Female,0,71,No,DSL,30.85,,No
CUST00639,Female,0,42,Yes,Fiber optic,85.66,3360.79,No
CUST00640,Male,0,50,No,Fiber optic,34.84,1729.36,Yes
CUST00641,Male,0,33,Yes,DSL,55.48,1535.34,No
CUST00642,Male,0,20,Yes,DSL,63.41,1243.15,No
CUST00643,Male,1,1,Yes,Fiber optic,63.22,71.81,Yes
CUST00644,Male,0,2,No,Fiber optic,78.13,175.78,Yes
CUST00645,Male,0,8,No,DSL,91.8,684.03,No
CUST00646,Female,1,60,No,DSL,45.99,3289.04,No
CUST00647,Female,0,24,Yes,DSL,42.4,1140.84,No
CUST00648,Female,0,69,No,DSL,44.92,2960.0,No
CUST00649,Male,0,8,No,Fiber optic,109.39,904.84,Yes
CUST00650,Male,1,32,No,Fiber optic,22.19,537.22,Yes
CUST00651,Male,0,4,No,Fiber optic,65.83,300.05,No
CUST00652,Female,0,27,Yes,Fiber optic,81.25,2146.86,Yes
CUST00653,Female,1,17,Yes,Fiber optic,74.78,1368.66,Yes
CUST00654,Male,0,2,Yes,No,73.85,131.22,No
CUST00655,Female,0,59,Yes,DSL,96.2,6024.88,No
CUST00656,Male,0,10,Yes,Fiber optic,78.31,813.42,Yes
CUST00657,Male,0,0,No,Fiber optic,92.87,,Yes
CUST00658,Female,0,30,Yes,Fiber optic,95.19,2682.9,Yes
CUST00659,Female,0,65,Yes,No,86.45,5392.08,No
CUST00660,Male,0,6,Yes,DSL,61.27,346.37,No
CUST00661,Male,0,42,No,Fiber optic,20.51,884.42,No
CUST00662,Male,0,11,No,Fiber optic,91.45,947.19,Yes
CUST00663,Male,0,7,Yes,No,71.98,508.25,No
CUST00664,Male,0,36,No,DSL,63.0,1983.46,No
CUST00665,Male,0,48,No,DSL,38.21,1919.18,No
CUST00666,Male,0,8,No,Fiber optic,93.14,681.54,No
CUST00667,Female,0,68,No,Fiber optic,50.01,3795.83,Yes
CUST00668,Male,0,0,Yes,Fiber optic,104.52,,Yes
CUST00669,Male,1,66,Yes,DSL,99.62,,No
CUST00670,Male,1,2,Yes,No,109.88,227.88,No
CUST00671,Female,1,6,No,Fiber optic,64.67,348.52,No
CUST00672,Male,0,3,No,DSL,105.55,323.54,Yes
CUST00673,Female,0,9,Yes,DSL,106.45,1007.03,Yes
CUST00674,Female,1,18,Yes,Fiber optic,76.73,1343.72,No
CUST00675,Female,1,33,Yes,DSL,53.73,2055.55,Yes
CUST00676,Female,0,12,No,DSL,54.28,532.0,No
CUST00677,Male,0,8,Yes,DSL,65.59,550.53,No
CUST00678,Female,1,4,Yes,Fiber optic,67.23,282.82,Yes
CUST00679,Female,0,20,Yes,Fiber optic,62.61,1322.89,Yes
CUST00680,Female,0,9,Yes,No,107.84,895.72,No
CUST00681,Male,0,60,Yes,DSL,56.88,3820.93,No
CUST00682,Female,1,8,Yes,DSL,87.88,721.68,No
CUST00683,Male,0,64,Yes,No,96.67,,No
CUST00684,Female,1,11,No,Fiber optic,101.47,1135.47,No
CUST00685,Male,0,43,No,DSL,23.01,674.9,No
CUST00686,Female,0,1,No,Fiber optic,83.4,82.85,Yes
CUST00687,Male,0,8,Yes,DSL,64.58,,No
CUST00688,Male,1,62,Yes,DSL,98.02,5480.27,No
CUST00689,Male,0,8,Yes,Fiber optic,91.16,774.37,Yes
CUST00690,Female,0,71,No,DSL,65.9,4089.45,No
CUST00691,Male,0,6,Yes,DSL,64.6,353.38,No
CUST00692,Male,0,5,No,DSL,90.91,421.62,No
CUST00693,Female,0,39,Yes,DSL,87.25,3617.97,No
CUST00694,Female,0,24,No,DSL,32.44,550.74,No
CUST00695,Female,0,6,No,DSL,64.25,388.78,No
CUST00696,Female,0,43,Yes,DSL,84.94,3556.06,No
CUST00697,Male,0,34,No,No,93.74,3217.2,No
CUST00698,Male,0,63,Yes,DSL,76.45,4639.45,No
CUST00699,Male,0,11,No,Fiber optic,90.12,1034.12,No
CUST00700,Male,0,10,Yes,Fiber optic,77.97,695.89,No
CUST00701,Male,0,60,Yes,Fiber optic,64.42,3945.94,No
CUST00702,Female,0,0,Yes,Fiber optic,108.85,,Yes
CUST00703,Female,1,68,Yes,Fiber optic,43.62,2731.94,No
CUST00704,Male,1,57,Yes,DSL,34.3,2381.89,No
CUST00705,Female,1,16,No,Fiber optic,51.72,823.44,No
CUST00706,Male,1,70,Yes,No,86.15,5622.58,No
CUST00707,Female,0,15,Yes,No,69.65,1118.37,No
CUST00708,Female,1,41,No,Fiber optic,85.54,,Yes
CUST00709,Male,0,55,Yes,Fiber optic,73.93,4569.47,Yes
CUST00710,Female,0,65,Yes,No,54.78,3262.38,No
CUST00711,Male,0,66,No,Fiber optic,37.67,1960.93,Yes
CUST00712,Female,0,12,Yes,Fiber optic,28.07,320.98,No
CUST00713,Female,1,11,No,Fiber optic,90.45,997.43,Yes
CUST00714,Male,0,4,Yes,DSL,98.1,371.73,Yes
CUST00715,Female,0,54,Yes,Fiber optic,21.37,1666.35,No
CUST00716,Female,1,63,Yes,No,34.4,1565.02,No
CUST00717,Male,0,23,Yes,Fiber optic,96.02,1983.0,Yes
CUST00718,Male,1,60,No,Fiber optic,60.19,3152.54,No
CUST00719,Female,0,56,Yes,No,22.66,1583.74,No
CUST00720,Male,1,64,Yes,Fiber optic,75.72,4353.1,Yes
CUST00721,Female,1,43,Yes,No,63.63,2874.83,No
CUST00722,Female,0,5,Yes,No,105.74,,Yes
CUST00723,Female,0,8,No,Fiber optic,87.62,693.02,No
CUST00724,Female,1,59,No,Fiber optic,94.38,5068.13,No
CUST00725,Male,0,27,Yes,DSL,43.71,1311.3,No
CUST00726,Male,0,53,No,DSL,96.8,4852.92,No
CUST00727,Male,0,61,No,DSL,36.18,1739.15,No
CUST00728,Female,0,32,Yes,Fiber optic,29.0,657.15,No
CUST00729,Female,0,1,No,DSL,102.47,102.81,Yes
CUST00730,Male,0,47,Yes,Fiber optic,48.77,1856.04,No
CUST00731,Male,1,40,Yes,DSL,85.22,3715.57,No
CUST00732,Male,0,0,Yes,Fiber optic,91.03,,Yes
CUST00733,Female,0,72,Yes,Fiber optic,34.48,2073.79,No
CUST00734,Female,0,11,Yes,DSL,66.02,,No
CUST00735,Female,0,18,Yes,DSL,49.66,1039.95,No
CUST00736,Male,0,41,Yes,No,99.25,3843.24,No
CUST00737,Male,0,6,Yes,Fiber optic,75.0,501.73,Yes
CUST00738,Female,0,0,No,Fiber optic,95.59,,No
CUST00739,Male,1,23,No,No,47.57,1091.56,No
CUST00740,Female,1,10,Yes,DSL,80.45,835.53,No
CUST00741,Female,0,66,No,DSL,90.8,6388.43,No
CUST00742,Female,0,63,No,DSL,43.53,2805.88,No
CUST00743,Female,0,8,No,DSL,62.21,528.11,No
CUST00744,Female,0,58,Yes,DSL,26.11,1453.12,No
CUST00745,Female,0,36,Yes,DSL,59.31,1901.0,No
CUST00746,Female,0,0,No,DSL,61.12,,No
CUST00747,Female,0,12,Yes,DSL,54.14,669.6,No
CUST00748,Female,1,10,Yes,No,92.1,1006.3,Yes
CUST00749,Male,0,33,Yes,No,92.18,3254.12,No
CUST00750,Female,1,13,No,Fiber optic,49.09,763.21,No
CUST00751,Female,1,35,No,Fiber optic,99.2,3643.75,No
CUST00752,Female,0,10,Yes,DSL,76.98,681.24,Yes
CUST00753,Female,0,44,No,No,92.03,4441.58,No
CUST00754,Female,0,45,No,DSL,60.66,2744.06,No
CUST00755,Female,0,4,No,Fiber optic,98.34,356.65,Yes
CUST00756,Male,0,70,Yes,DSL,95.26,6608.4,No
CUST00757,Female,0,55,No,DSL,74.83,3749.88,No
CUST00758,Female,0,9,Yes,DSL,96.82,788.06,Yes
CUST00759,Female,1,8,Yes,Fiber optic,66.06,452.01,No
CUST00760,Female,0,34,No,DSL,88.41,3153.74,No
CUST00761,Female,0,7,No,Fiber optic,85.73,564.57,No
CUST00762,Male,0,0,Yes,No,80.28,,Yes
CUST00763,Male,0,17,Yes,Fiber optic,44.09,839.76,No
CUST00764,Female,0,10,No,No,85.91,854.98,Yes
CUST00765,Male,0,25,No,DSL,28.9,899.94,No
CUST00766,Female,1,3,Yes,DSL,75.73,199.62,No
CUST00767,Male,0,6,No,DSL,61.01,364.43,No
CUST00768,Male,0,7,No,DSL,107.52,774.14,Yes
CUST00769,Female,0,1,No,No,101.77,99.48,No
CUST00770,Female,0,29,Yes,Fiber optic,69.89,1997.27,No
CUST00771,Male,0,2,No,DSL,70.59,129.1,Yes
CUST00772,Female,0,4,No,DSL,88.27,319.12,No
CUST00773,Female,0,68,No,Fiber optic,90.87,5930.06,Yes
CUST00774,Female,0,1,Yes,DSL,73.07,70.1,No
CUST00775,Male,1,45,Yes,Fiber optic,57.44,2520.47,No
CUST00776,Male,0,65,Yes,DSL,23.82,1363.55,No
CUST00777,Male,0,6,Yes,DSL,73.47,391.42,Yes
CUST00778,Female,0,3,No,DSL,81.1,241.51,Yes
CUST00779,Male,0,52,Yes,DSL,71.12,3751.74,No
CUST00780,Female,0,62,Yes,Fiber optic,38.44,2945.44,No
CUST00781,Female,1,58,Yes,Fiber optic,44.9,3135.86,No
CUST00782,Female,0,47,Yes,Fiber optic,87.31,3843.54,No
CUST00783,Male,0,37,No,Fiber optic,55.77,2373.53,No
CUST00784,Male,0,50,No,Fiber optic,76.59,3873.94,No
CUST00785,Male,0,42,No,DSL,48.38,2407.37,No
CUST00786,Female,1,50,Yes,No,71.79,4085.51,No
CUST00787,Male,0,3,Yes,DSL,98.22,304.41,No
CUST00788,Male,0,7,Yes,No,107.72,745.81,Yes
CUST00789,Female,1,20,No,No,83.82,1862.68,No
CUST00790,Male,0,40,Yes,Fiber optic,27.13,1419.67,No
CUST00791,Male,0,3,No,DSL,73.43,214.71,Yes
CUST00792,Male,0,52,Yes,Fiber optic,77.37,4265.56,No
CUST00793,Male,0,3,Yes,DSL,101.34,318.91,No
CUST00794,Male,0,11,No,DSL,83.84,825.2,Yes
CUST00795,Male,1,11,Yes,Fiber optic,78.38,810.3,Yes
CUST00796,Male,0,37,No,Fiber optic,83.89,3043.12,Yes
CUST00797,Male,0,27,No,DSL,45.92,1201.79,No
CUST00798,Female,0,23,No,DSL,61.63,1202.75,No
CUST00799,Male,0,62,No,DSL,31.55,2267.35,No
CUST00800,Female,1,3,Yes,No,64.29,209.47,No
CUST00801,Male,0,26,Yes,Fiber optic,49.76,1493.31,No
CUST00802,Female,0,62,Yes,Fiber optic,83.52,5203.16,Yes
CUST00803,Male,0,12,No,No,97.37,1168.86,No
CUST00804,Male,0,11,Yes,DSL,98.99,,Yes
CUST00805,Male,0,55,Yes,Fiber optic,89.5,4589.21,Yes
CUST00806,Male,1,12,Yes,DSL,56.46,644.39,Yes
CUST00807,Female,0,54,Yes,Fiber optic,65.5,3409.24,No
CUST00808,Female,1,3,Yes,No,68.67,188.8,No
CUST00809,Male,0,34,Yes,Fiber optic,78.37,2626.25,No
CUST00810,Female,0,66,No,No,78.15,4812.7,No
CUST00811,Male,1,72,Yes,DSL,27.91,,No
CUST00812,Female,0,0,Yes,DSL,87.18,,No
CUST00813,Female,1,34,Yes,Fiber optic,55.4,1667.6,Yes
CUST00814,Male,0,67,No,DSL,73.71,5190.08,No
CUST00815,Female,1,30,Yes,DSL,59.75,1732.01,Yes
CUST00816,Male,0,7,Yes,Fiber optic,105.06,803.73,Yes
CUST00817,Female,0,7,Yes,Fiber optic,104.55,691.04,No
CUST00818,Female,0,8,Yes,DSL,94.41,789.82,Yes
CUST00819,Male,0,49,Yes,Fiber optic,61.17,2587.94,Yes
CUST00820,Male,0,7,No,DSL,86.0,555.16,Yes
CUST00821,Male,0,39,Yes,Fiber optic,81.62,2957.57,Yes
CUST00822,Female,0,20,Yes,Fiber optic,91.98,1939.0,No
CUST00823,Female,0,7,No,No,104.02,777.19,Yes
CUST00824,Female,0,0,Yes,Fiber optic,71.25,,No
CUST00825,Female,0,5,Yes,DSL,105.8,528.93,No
CUST00826,Male,0,52,Yes,No,89.37,4787.99,No
CUST00827,Male,0,4,Yes,Fiber optic,83.25,306.72,Yes
CUST00828,Female,0,52,No,Fiber optic,27.18,1149.13,Yes
CUST00829,Male,0,6,Yes,DSL,107.07,,No
CUST00830,Male,0,12,No,Fiber optic,96.66,1156.56,No
CUST00831,Male,0,18,No,Fiber optic,99.42,1689.26,No
CUST00832,Male,0,47,Yes,DSL,78.46,3751.28,No
CUST00833,Female,0,70,Yes,Fiber optic,83.79,5522.1,Yes
CUST00834,Male,1,33,No,Fiber optic,75.99,2495.71,Yes
CUST00835,Male,0,8,Yes,No,85.28,607.62,No
CUST00836,Male,1,18,No,DSL,28.32,420.08,Yes
CUST00837,Male,0,7,No,Fiber optic,78.58,506.91,Yes
CUST00838,Male,0,7,No,DSL,86.56,673.07,Yes
CUST00839,Female,0,12,Yes,Fiber optic,36.84,362.66,Yes
CUST00840,Female,0,8,No,Fiber optic,93.55,697.97,Yes
CUST00841,Female,0,52,No,No,52.93,2673.54,No
CUST00842,Female,0,48,Yes,Fiber optic,84.0,4422.43,No
CUST00843,Female,0,38,No,DSL,63.6,2396.6,No
CUST00844,Female,0,25,No,Fiber optic,69.51,1584.39,No
CUST00845,Female,0,11,Yes,Fiber optic,108.84,1112.48,Yes
CUST00846,Male,0,24,No,Fiber optic,49.8,1356.51,No
CUST00847,Female,0,55,No,Fiber optic,62.91,3650.25,Yes
CUST00848,Female,1,42,Yes,Fiber optic,77.97,2859.5,Yes
CUST00849,Female,0,6,Yes,Fiber optic,68.14,448.44,No
CUST00850,Female,1,8,Yes,No,108.92,814.17,Yes
CUST00851,Female,1,11,Yes,Fiber optic,90.74,1106.15,Yes
CUST00852,Male,0,4,No,Fiber optic,77.34,298.16,Yes
CUST00853,Male,0,6,No,No,78.03,493.36,Yes
CUST00854,Male,1,38,Yes,Fiber optic,62.16,2251.61,No
CUST00855,Male,0,29,Yes,No,52.7,1436.18,No
CUST00856,Female,0,3,No,DSL,85.4,,No
CUST00857,Male,0,9,Yes,No,84.01,,No
CUST00858,Female,1,58,No,DSL,86.45,4485.39,No
CUST00859,Female,0,60,Yes,Fiber optic,53.71,2842.69,No
CUST00860,Female,1,8,No,DSL,74.12,532.55,No
CUST00861,Male,0,12,No,Fiber optic,53.96,555.3,No
CUST00862,Male,0,47,No,Fiber optic,27.73,1720.22,No
CUST00863,Male,0,60,Yes,No,45.61,2711.22,No
CUST00864,Male,0,41,No,DSL,35.33,1784.2,No
CUST00865,Male,1,56,Yes,No,52.05,3287.59,No
CUST00866,Female,0,39,Yes,DSL,20.8,774.74,No
CUST00867,Male,0,9,No,Fiber optic,85.3,708.08,No
CUST00868,Male,0,65,Yes,Fiber optic,25.3,2055.52,No
CUST00869,Female,0,33,No,Fiber optic,41.14,1303.66,No
CUST00870,Female,0,9,Yes,DSL,87.86,782.44,No
CUST00871,Male,0,45,No,Fiber optic,40.87,1707.25,No
CUST00872,Female,0,10,No,No,63.4,710.45,No
CUST00873,Female,0,16,No,DSL,90.53,1533.05,No
CUST00874,Female,1,70,No,Fiber optic,41.66,3129.68,Yes
CUST00875,Female,1,0,Yes,DSL,62.53,,No
CUST00876,Male,0,60,No,DSL,87.93,4901.37,No
CUST00877,Female,0,55,Yes,No,88.42,4733.24,No
CUST00878,Male,0,4,No,Fiber optic,103.36,440.15,No
CUST00879,Female,0,64,Yes,DSL,73.52,4167.6,No
CUST00880,Male,0,12,No,Fiber optic,21.91,186.08,Yes
CUST00881,Female,0,4,Yes,Fiber optic,94.12,382.61,No
CUST00882,Male,0,63,Yes,No,44.08,2235.62,No
CUST00883,Male,0,13,No,DSL,98.42,1202.39,No
CUST00884,Female,0,18,Yes,DSL,29.19,404.37,No
CUST00885,Male,1,7,Yes,Fiber optic,65.33,429.25,No
CUST00886,Female,0,10,Yes,No,75.5,844.4,No
CUST00887,Female,0,5,Yes,No,86.27,412.34,No
CUST00888,Female,0,36,No,DSL,46.83,1731.99,No
CUST00889,Male,0,36,Yes,No,64.55,2024.57,No
CUST00890,Female,1,8,Yes,DSL,104.72,907.77,Yes
CUST00891,Female,0,49,Yes,Fiber optic,87.89,4501.79,No
CUST00892,Female,1,64,Yes,Fiber optic,45.48,3522.86,No
CUST00893,Male,1,12,Yes,No,82.62,1058.11,No
CUST00894,Male,0,21,Yes,No,39.49,975.92,No
CUST00895,Male,1,47,No,DSL,93.41,4792.29,No
CUST00896,Male,0,4,No,No,109.17,451.69,Yes
CUST00897,Female,0,10,Yes,Fiber optic,74.26,720.51,No
CUST00898,Female,0,6,No,Fiber optic,92.53,606.22,Yes
CUST00899,Male,0,11,No,Fiber optic,88.89,1068.68,Yes
CUST00900,Female,1,61,Yes,DSL,78.25,4470.85,No
CUST00901,Female,0,47,Yes,Fiber optic,63.91,2698.23,Yes
CUST00902,Female,0,60,No,DSL,45.48,2386.19,No
CUST00903,Male,0,10,No,Fiber optic,89.98,897.79,No
CUST00904,Male,1,6,Yes,No,101.03,615.08,Yes
CUST00905,Male,0,12,No,DSL,76.54,947.57,No
CUST00906,Female,0,9,No,DSL,68.13,589.15,No
CUST00907,Male,0,63,Yes,No,81.0,5256.57,No
CUST00908,Female,0,19,Yes,Fiber optic,56.18,1140.4,No
CUST00909,Female,1,13,Yes,Fiber optic,45.15,542.52,No
CUST00910,Male,0,3,Yes,Fiber optic,101.04,296.92,Yes
CUST00911,Male,0,10,No,Fiber optic,100.09,1081.16,No
CUST00912,Female,0,21,Yes,No,60.4,1290.13,No
CUST00913,Male,1,43,Yes,DSL,79.81,3662.49,No
CUST00914,Female,0,3,Yes,Fiber optic,86.13,233.71,No
CUST00915,Female,0,46,No,No,61.04,,No
CUST00916,Female,0,47,No,Fiber optic,24.43,1446.65,No
CUST00917,Male,0,40,Yes,DSL,24.89,1188.77,No
CUST00918,Female,0,7,Yes,Fiber optic,92.33,663.48,No
CUST00919,Female,1,69,No,Fiber optic,35.51,2974.24,Yes
CUST00920,Male,0,12,No,DSL,42.38,476.98,No
CUST00921,Female,0,0,No,DSL,85.28,,No
CUST00922,Female,0,53,Yes,Fiber optic,50.87,,No
CUST00923,Male,0,32,No,DSL,22.58,644.05,No
CUST00924,Male,0,22,No,No,62.61,1329.95,No
CUST00925,Female,0,5,No,Fiber optic,98.2,450.09,Yes
CUST00926,Female,1,12,Yes,Fiber optic,30.73,320.92,No
CUST00927,Female,0,8,Yes,No,96.78,726.98,No
CUST00928,Male,0,5,Yes,DSL,70.63,365.08,Yes
CUST00929,Female,0,16,Yes,DSL,95.05,1614.42,No
CUST00930,Female,0,4,No,DSL,102.54,426.59,No
CUST00931,Female,0,33,Yes,DSL,84.69,2665.72,No
CUST00932,Male,1,9,Yes,Fiber optic,70.57,694.63,No
CUST00933,Male,0,47,Yes,Fiber optic,37.27,2166.78,No
CUST00934,Male,0,38,Yes,No,41.76,1350.05,No
CUST00935,Female,1,71,No,Fiber optic,62.28,4251.93,Yes
CUST00936,Male,0,43,Yes,Fiber optic,51.34,2337.59,No
CUST00937,Female,0,27,No,DSL,22.31,654.46,No
CUST00938,Female,0,2,No,No,105.14,205.1,Yes
CUST00939,Male,0,1,Yes,DSL,72.24,69.48,Yes
CUST00940,Female,0,0,No,DSL,98.85,,No
CUST00941,Male,0,10,Yes,DSL,81.03,897.9,No
CUST00942,Male,1,25,Yes,DSL,63.29,1447.54,No
CUST00943,Female,0,71,Yes,No,76.4,5094.94,No
CUST00944,Male,1,11,No,Fiber optic,100.92,1189.39,Yes
CUST00945,Female,0,6,Yes,Fiber optic,63.69,420.41,No
CUST00946,Female,0,5,Yes,Fiber optic,92.09,428.1,No
CUST00947,Female,0,39,No,DSL,55.39,1831.93,No
CUST00948,Male,0,0,No,No,62.34,,No
CUST00949,Male,1,32,Yes,No,62.51,1714.89,No
CUST00950,Male,0,37,No,DSL,22.16,1150.4,No
CUST00951,Male,0,10,No,DSL,92.42,917.05,No
CUST00952,Male,0,4,No,DSL,72.03,263.41,No
CUST00953,Female,0,41,Yes,DSL,39.09,1224.02,No
CUST00954,Male,0,70,Yes,DSL,97.75,7356.12,No
CUST00955,Female,0,64,Yes,Fiber optic,73.16,4209.96,Yes
CUST00956,Male,0,8,No,Fiber optic,68.04,558.37,No
CUST00957,Female,0,55,No,Fiber optic,23.86,1026.48,No
CUST00958,Female,0,43,No,Fiber optic,93.19,4180.13,No
CUST00959,Male,1,72,No,No,50.44,3611.44,No
CUST00960,Female,0,71,Yes,No,56.21,3575.06,No
CUST00961,Female,0,27,Yes,No,42.44,1334.49,No
CUST00962,Female,0,14,Yes,Fiber optic,98.46,1377.38,No
CUST00963,Male,0,56,Yes,DSL,46.72,3095.3,No
CUST00964,Male,1,12,No,Fiber optic,39.14,413.46,Yes
CUST00965,Female,0,2,No,DSL,75.74,139.71,Yes
CUST00966,Male,0,10,No,DSL,82.89,740.16,Yes
CUST00967,Male,0,12,Yes,DSL,50.75,546.16,No
CUST00968,Male,0,46,Yes,Fiber optic,71.18,3709.1,No
CUST00969,Female,0,64,Yes,Fiber optic,40.49,2654.53,No
CUST00970,Female,0,33,Yes,DSL,28.05,933.19,No
CUST00971,Male,1,3,Yes,Fiber optic,105.8,315.32,Yes
CUST00972,Male,0,8,Yes,DSL,61.15,553.74,No
CUST00973,Male,0,9,Yes,Fiber optic,95.06,898.36,Yes
CUST00974,Female,0,6,No,No,98.14,570.88,Yes
CUST00975,Female,1,23,No,No,89.13,1975.06,Yes
CUST00976,Female,0,14,No,DSL,76.93,1213.42,No
CUST00977,Female,0,8,No,Fiber optic,61.51,565.11,No
CUST00978,Male,0,62,No,No,29.5,2415.92,No
CUST00979,Male,0,65,Yes,Fiber optic,76.6,,Yes
CUST00980,Male,1,39,Yes,DSL,56.44,1907.15,No
CUST00981,Female,1,54,No,Fiber optic,40.37,2227.07,No
CUST00982,Male,0,14,No,DSL,65.82,839.6,No
CUST00983,Female,0,0,Yes,DSL,68.6,,No
CUST00984,Male,1,5,Yes,DSL,99.38,506.97,Yes
CUST00985,Female,0,62,No,Fiber optic,69.51,4138.0,No
CUST00986,Female,0,47,No,DSL,45.12,1949.52,No
CUST00987,Male,0,10,Yes,DSL,61.82,700.24,No
CUST00988,Male,0,62,Yes,DSL,32.54,1815.72,No
CUST00989,Male,0,13,Yes,DSL,37.64,375.74,No
CUST00990,Male,1,71,Yes,No,24.02,1211.26,No
CUST00991,Male,0,62,Yes,DSL,79.86,4934.16,No
CUST00992,Female,1,34,Yes,Fiber optic,80.85,2936.18,Yes
CUST00993,Male,0,42,Yes,Fiber optic,73.37,3281.76,No
CUST00994,Male,0,2,No,DSL,96.76,211.51,Yes
CUST00995,Male,0,3,No,DSL,92.41,304.54,Yes
CUST00996,Female,1,15,No,Fiber optic,71.85,1019.9,No
CUST00997,Male,0,13,No,No,71.0,886.77,No
CUST00998,Male,1,31,Yes,Fiber optic,94.32,2653.95,No
CUST00999,Female,0,4,No,DSL,73.7,,Yes
CUST01000,Male,1,1,No,DSL,102.7,103.0,No
